open;high;low;close;volume;marketCap;timestamp
1201.1033098436;1219.8606486892;1195.2150229214;1214.6566756133;3765758497.67;148642233522.06;"2023-01-02T00:00:00.000Z"
1214.7440396322;1219.0953729162;1207.4915471113;1214.7788025107;3392972130.84;148657178662.66;"2023-01-03T00:00:00.000Z"
1214.718572718;1264.8074496975;1213.1688256424;1256.5265946029;6404416892.95;153766017387.05;"2023-01-04T00:00:00.000Z"
1256.4845925572;1258.5715587697;1245.1730563137;1250.4385512172;4001786456.04;153020999980.23;"2023-01-05T00:00:00.000Z"
1250.4590265009;1273.2203313743;1240.9474674851;1269.3790036318;4977252791.75;155338816370.12;"2023-01-06T00:00:00.000Z"
1269.4197406492;1270.5983105461;1262.2711165549;1264.2703412672;2565213547.9;154713649605.37;"2023-01-07T00:00:00.000Z"
1264.1819188294;1287.3594420315;1260.2267778263;1287.3594420315;3495088904.55;157539152133.39;"2023-01-08T00:00:00.000Z"
1287.4507922311;1342.1441686095;1286.6807425099;1321.538946494;7990438824.18;161721830239.88;"2023-01-09T00:00:00.000Z"
1321.3954503013;1342.7571475481;1318.5271949469;1336.5861138308;5830173252.56;163563210282.51;"2023-01-10T00:00:00.000Z"
1336.4867782191;1387.9327050848;1323.5830689818;1387.9327050848;6314904310.54;169846691171.36;"2023-01-11T00:00:00.000Z"
1387.7529038953;1432.2812360722;1378.4221369825;1417.9385231112;12230193038.03;173518619132.28;"2023-01-12T00:00:00.000Z"
1417.9462216843;1461.6726960095;1404.02389074;1451.6148394124;7684148212.32;177639720158.04;"2023-01-13T00:00:00.000Z"
1451.4285043867;1563.739097335;1450.9884397122;1550.7068639574;15444626013.73;189765994312.95;"2023-01-14T00:00:00.000Z"
1550.7315217361;1556.9508111559;1520.8938176635;1552.4794799873;6774614498.74;189982916189.85;"2023-01-15T00:00:00.000Z"
1552.5192550016;1594.0397692987;1529.5736466595;1576.8335087654;8454485430.93;192963212849.4;"2023-01-16T00:00:00.000Z"
1577.1074704651;1594.0010333301;1553.335882773;1567.8460502316;7599462786.03;191863382801.15;"2023-01-17T00:00:00.000Z"
1567.6989486838;1602.106687678;1509.4229048259;1515.5070073176;10354880595.43;185458451765.63;"2023-01-18T00:00:00.000Z"
1515.2496088731;1557.9703898562;1514.3800514925;1552.5565530841;6432638855.77;189992347922.69;"2023-01-19T00:00:00.000Z"
1552.3737123169;1659.8857920368;1544.917826188;1659.7541193552;8528894753.59;203110528556.42;"2023-01-20T00:00:00.000Z"
1659.7060684292;1674.1792675335;1626.8129536553;1627.1182183693;8859250310.35;199116747175.27;"2023-01-21T00:00:00.000Z"
1627.3660029924;1658.0234136829;1612.0856948852;1628.3820424137;7517988734;199271406209.81;"2023-01-22T00:00:00.000Z"
1628.5508098992;1641.2181718458;1607.9030710699;1628.251040897;8264507375.29;199255375047.72;"2023-01-23T00:00:00.000Z"
1627.8482654122;1639.7238427381;1551.3898257646;1556.6042398404;8180274690.57;190487679000.29;"2023-01-24T00:00:00.000Z"
1556.8074484541;1632.2416839849;1530.797907652;1611.711042612;10598973447.72;197231311510.35;"2023-01-25T00:00:00.000Z"
1611.0809774076;1626.1982044077;1586.5981617881;1603.1059328512;8395315240.82;196178270959.7;"2023-01-26T00:00:00.000Z"
1603.0800985264;1617.0008712753;1565.2450333563;1598.1565187695;8124465373.17;195572592023.01;"2023-01-27T00:00:00.000Z"
1598.1254209989;1604.7041215249;1565.3901123082;1572.4350441003;5803653357.3;192424955722.92;"2023-01-28T00:00:00.000Z"
1572.6294678677;1653.7250181562;1568.9848128826;1646.1555880184;8801292299.89;201446423701.85;"2023-01-29T00:00:00.000Z"
1646.147646973;1646.6515549742;1546.6607903551;1567.3264809426;9180418120.35;191799801098.5;"2023-01-30T00:00:00.000Z"
1567.4199062376;1598.5175525317;1563.8043406703;1586.5353739335;6585191018.9;194150467599.55;"2023-01-31T00:00:00.000Z"
1586.4881051415;1644.7274880146;1566.857293829;1641.7926937162;8116969489.4;200912519458.19;"2023-02-01T00:00:00.000Z"
1641.365951681;1704.4581741617;1641.3226194917;1643.2415885091;10558081068.79;201089826315.74;"2023-02-02T00:00:00.000Z"
1642.9046958592;1670.6968659089;1634.2233793979;1664.7455821274;8169519804.5;203721353153.94;"2023-02-03T00:00:00.000Z"
1664.4722935277;1690.0996108951;1648.1892023196;1667.0592352492;5843302511.7;204004483831.54;"2023-02-04T00:00:00.000Z"
1667.1664690626;1671.7702741718;1616.3918224555;1631.645879411;6926696530.54;199670814561.88;"2023-02-05T00:00:00.000Z"
1631.6452874606;1653.7155079011;1611.3190345666;1616.2471265662;6919871886.11;197786409641.32;"2023-02-06T00:00:00.000Z"
1616.0096263832;1673.7978591906;1614.8629767876;1672.0035689791;8030277433.62;204609541065.93;"2023-02-07T00:00:00.000Z"
1671.9052452917;1688.5272184622;1635.2650403302;1650.7167526788;7806089578.98;202004591055.8;"2023-02-08T00:00:00.000Z"
1651.0822199301;1655.2348426051;1537.1822608844;1546.4382885133;10524969123.83;189243632232.62;"2023-02-09T00:00:00.000Z"
1546.5965307678;1553.3257322895;1504.8344461522;1514.8691459245;8397387897.21;185380394200.84;"2023-02-10T00:00:00.000Z"
1514.9419380135;1541.3347731794;1510.1470246052;1539.9267659675;5064007415.55;188446792043.73;"2023-02-11T00:00:00.000Z"
1539.775988515;1545.5542576596;1501.4620055391;1515.033688007;5319698775.02;185400529851.63;"2023-02-12T00:00:00.000Z"
1514.9170530348;1524.7314356778;1470.0239826862;1507.1659232596;9363855113.94;184437721061.01;"2023-02-13T00:00:00.000Z"
1506.9921163467;1562.034268244;1497.1944254134;1556.8751525791;9249575045.1;190520831639.54;"2023-02-14T00:00:00.000Z"
1556.7650968607;1674.2897496764;1545.689745899;1673.7460217114;10015035156.34;204822771743.5;"2023-02-15T00:00:00.000Z"
1673.8674644576;1732.8010975279;1638.1454557603;1640.0675952066;12704861676.25;200701412483.96;"2023-02-16T00:00:00.000Z"
1640.2801204595;1716.7818223288;1636.1737694441;1694.7833758702;9802443159.01;207397194106.9;"2023-02-17T00:00:00.000Z"
1694.7418031033;1705.3091416267;1683.6701444721;1691.8194566737;5491437195.03;207034487855.66;"2023-02-18T00:00:00.000Z"
1691.6801896848;1718.9475718772;1673.9065595127;1681.4361293747;6959144003.26;205763839949.88;"2023-02-19T00:00:00.000Z"
1682.3370321616;1716.489354478;1659.2950613323;1702.6751158673;7703604237.35;208362936841.53;"2023-02-20T00:00:00.000Z"
1702.7977947801;1714.2856462201;1642.3967544528;1658.0363984124;8721608198.05;202900324403.57;"2023-02-21T00:00:00.000Z"
1658.1409631127;1663.9968552774;1604.8032842494;1643.2317104289;9189387004.34;201088617496.87;"2023-02-22T00:00:00.000Z"
1643.2985956822;1674.6015475578;1632.5661156619;1651.073895645;9013236167.31;202048296021.36;"2023-02-23T00:00:00.000Z"
1650.8950917657;1661.0913441964;1583.1478663313;1608.3731584143;8909129422.93;196822841716.09;"2023-02-24T00:00:00.000Z"
1608.6583623394;1608.8651289511;1567.6316958876;1594.9149529904;5657686234.9;195175909086.02;"2023-02-25T00:00:00.000Z"
1594.7610525796;1645.2734545739;1590.393085952;1640.8171556492;5727967432.13;200793139093.29;"2023-02-26T00:00:00.000Z"
1640.7636662849;1662.5757164092;1615.3879162265;1634.3263684101;7239824677.24;199998836364.05;"2023-02-27T00:00:00.000Z"
1634.5024223677;1644.4357744832;1602.4280483361;1605.8951307949;6323676957.26;196519595895.71;"2023-02-28T00:00:00.000Z"
1606.0403815803;1663.4336563449;1601.5486171578;1663.4336563449;7701847224.14;203560807723.74;"2023-03-01T00:00:00.000Z"
1663.5491117461;1672.0510884172;1622.6000283724;1647.3192793728;7080950926.4;201588829111.97;"2023-03-02T00:00:00.000Z"
1647.5577838618;1648.475373517;1552.451518614;1569.1676527552;9922240199.2;192025112411.57;"2023-03-03T00:00:00.000Z"
1569.2781346479;1575.6372600489;1551.7368754146;1566.92394276;4389045366.61;191750540944.79;"2023-03-04T00:00:00.000Z"
1567.1792948631;1584.2088912651;1559.9540492111;1564.4687207107;5020886237.89;191450085930.19;"2023-03-05T00:00:00.000Z"
1564.3831282731;1579.4563296182;1557.3635005326;1567.3987018259;5245153344.89;191808639047.21;"2023-03-06T00:00:00.000Z"
1567.4246284982;1579.1622731468;1543.1275062026;1561.9331204295;6854058348.98;191139794720.6;"2023-03-07T00:00:00.000Z"
1561.9778653796;1568.1753154707;1534.0882322774;1534.0882322774;7130327525.13;187732308103.02;"2023-03-08T00:00:00.000Z"
1534.0316583587;1544.1084319645;1423.264717932;1438.660722311;9457897583.37;176054474764.9;"2023-03-09T00:00:00.000Z"
1438.7601676753;1438.7601676753;1378.5254019388;1429.1581327081;12665194935.78;174891606136.11;"2023-03-10T00:00:00.000Z"
1429.1007986232;1484.136997298;1428.7231749953;1482.616649191;14917080153.64;181433531480.39;"2023-03-11T00:00:00.000Z"
1482.431942056;1607.1525918591;1461.6109236591;1590.2929484563;11480965121.79;194610296521.5;"2023-03-12T00:00:00.000Z"
1590.8311873178;1699.9117256812;1572.0746525543;1680.3089961384;15711468958.75;205625908298.01;"2023-03-13T00:00:00.000Z"
1680.2952550353;1779.9178989758;1665.9023265745;1703.5071260037;16159781302.55;208464753138.65;"2023-03-14T00:00:00.000Z"
1705.1899730836;1721.0792357256;1616.6303866379;1656.1805219909;12715339904.77;202673213630.64;"2023-03-15T00:00:00.000Z"
1656.3319964702;1693.1392286134;1639.2616673962;1677.2155034421;9364980166.4;205247345636.65;"2023-03-16T00:00:00.000Z"
1677.2967066577;1799.3440000133;1667.1318928085;1792.4851405695;12467445116.7;219353336789.45;"2023-03-17T00:00:00.000Z"
1793.5923716621;1840.3575511541;1751.2628266022;1761.6596834205;10317822213.18;215581106420.2;"2023-03-18T00:00:00.000Z"
1762.9632131905;1843.8441082245;1762.9632131905;1785.5765822409;9170565472.22;218507909796.79;"2023-03-19T00:00:00.000Z"
1785.416296437;1807.725193288;1728.1038171459;1735.3212688367;10978325507.3;212357972797.53;"2023-03-20T00:00:00.000Z"
1735.6179601982;1836.2885278473;1725.0073435453;1806.7607367255;10758627745.86;221100296683.63;"2023-03-21T00:00:00.000Z"
1804.9570335604;1821.4582716088;1717.7650838281;1737.7169855997;12484103560.38;212651145920.18;"2023-03-22T00:00:00.000Z"
1737.1408565494;1853.8880031017;1732.5246032836;1816.405182071;11012966853.93;222280524748.08;"2023-03-23T00:00:00.000Z"
1815.819811206;1819.9352613703;1730.3495165509;1752.0448567755;10913669382.91;214404502910.64;"2023-03-24T00:00:00.000Z"
1751.469499258;1762.6745108179;1716.6520353547;1743.7647859083;6614309912.22;213391238626.05;"2023-03-25T00:00:00.000Z"
1743.8421236946;1797.8802284401;1741.1828444255;1775.6767503974;6990313307.25;217296429099.19;"2023-03-26T00:00:00.000Z"
1775.4813314056;1781.379214713;1690.5165853535;1715.4608138518;8585750759.86;209927572136.18;"2023-03-27T00:00:00.000Z"
1715.3273879176;1791.110918677;1702.5647546506;1772.7856574311;8346890042.23;216942634875.31;"2023-03-28T00:00:00.000Z"
1772.8999553862;1825.6009799357;1772.8999553862;1793.0018848417;9136176952.26;219416572783.88;"2023-03-29T00:00:00.000Z"
1793.3459124018;1827.2802318879;1766.2489483428;1792.7371357773;9724496986.91;219384174417.3;"2023-03-30T00:00:00.000Z"
1793.6200946137;1844.6773771632;1783.1421515183;1822.0221185209;9149379763.25;219476732219.84;"2023-03-31T00:00:00.000Z"
1821.7043535926;1840.1731089734;1811.1184765157;1813.8605590338;5556443606.46;218493608915.33;"2023-04-01T00:00:00.000Z"
1821.1920992225;1824.3289058504;1774.8724650207;1795.7080919438;6199721188.44;216307003100.76;"2023-04-02T00:00:00.000Z"
1794.9224275133;1839.1577971091;1765.5188951201;1810.2971389314;9643826400.76;218064367254.84;"2023-04-03T00:00:00.000Z"
1810.1421355113;1886.5946607041;1802.9554226234;1871.0051760383;10398322334.89;225377122390.06;"2023-04-04T00:00:00.000Z"
1870.9651134386;1937.4975566589;1865.9418825207;1909.1140628977;10319231688.65;229967634146.98;"2023-04-05T00:00:00.000Z"
1909.143508753;1909.2717499575;1857.0850481525;1872.9226620075;8263191830.26;225608098485.43;"2023-04-06T00:00:00.000Z"
1872.734108075;1882.2992319959;1845.9939360968;1865.6360612511;8356130492.47;224730370763.71;"2023-04-07T00:00:00.000Z"
1864.6790820215;1879.1078158135;1848.8754745909;1849.4981769721;5016362733.1;222786437114.12;"2023-04-08T00:00:00.000Z"
1849.6722517235;1873.0573660031;1828.7001209059;1859.3877707862;6361497714.76;223977715590.51;"2023-04-09T00:00:00.000Z"
1859.7411671193;1917.3001424765;1848.1641464424;1911.2075109013;8380134275.42;230219806237.67;"2023-04-10T00:00:00.000Z"
1911.3758037647;1936.7282705686;1886.5342226647;1892.189715911;8877222956.13;227928964948.72;"2023-04-11T00:00:00.000Z"
1891.9497643471;1929.8812174913;1860.0368257459;1920.682189487;11010714186.59;231361104948.42;"2023-04-12T00:00:00.000Z"
1917.6983218506;2022.1501440583;1901.8603891895;2012.6346440046;12546950499.3;242437493117.35;"2023-04-13T00:00:00.000Z"
2013.9306402022;2126.316660772;2011.5032550558;2101.6355001253;16298099411.44;252646950002.52;"2023-04-14T00:00:00.000Z"
2101.616398405;2111.0753481017;2076.5107395038;2092.4668534715;8036468152.59;251325536962.21;"2023-04-15T00:00:00.000Z"
2092.2809465967;2137.4451201451;2076.8320033487;2120.0058201151;7898126855.88;253800479048.38;"2023-04-16T00:00:00.000Z"
2120.0012396305;2120.1135626334;2063.0386843882;2076.2430038239;9648882545.8;247975491589.17;"2023-04-17T00:00:00.000Z"
2075.8552615501;2121.5315194109;2057.6538620191;2104.5372669455;9134015142.68;251214922677.43;"2023-04-18T00:00:00.000Z"
2103.9463627515;2104.8572731837;1928.5828916395;1936.4034646782;13779745450.97;231098233851.34;"2023-04-19T00:00:00.000Z"
1936.4179077583;1979.573337236;1918.1327647101;1943.0976697035;11324135406.44;234005095167.34;"2023-04-20T00:00:00.000Z"
1943.4099239574;1955.6491214774;1827.7889939322;1849.9998459932;12044274581.17;222770468530.71;"2023-04-21T00:00:00.000Z"
1849.2864910365;1886.7816740818;1845.849253198;1874.2285806104;6970642725.98;225683705622.92;"2023-04-22T00:00:00.000Z"
1874.1715139648;1882.2296926797;1838.9924064358;1862.0620571837;6607451861.62;224214876354.3;"2023-04-23T00:00:00.000Z"
1862.0853137599;1888.1936772477;1811.792082619;1842.7574513807;8438191337.54;221884640081.19;"2023-04-24T00:00:00.000Z"
1842.20439118;1877.4849998566;1805.322835116;1866.7536026164;8677255481.49;224770081704.09;"2023-04-25T00:00:00.000Z"
1866.1489341049;1962.5676586667;1792.4638100278;1866.564236591;14356524696.41;224743281403.41;"2023-04-26T00:00:00.000Z"
1866.6932767714;1936.9451543717;1863.1479852524;1908.7864037137;14008145805.92;229822540123.19;"2023-04-27T00:00:00.000Z"
1909.2731245103;1923.1992590358;1876.2918440681;1892.5127615707;7691759733.39;227866713240.43;"2023-04-28T00:00:00.000Z"
1892.5650308358;1916.9737865525;1887.9905286189;1908.9169855457;4796651245.87;229830520243.3;"2023-04-29T00:00:00.000Z"
1908.7413045581;1938.4179717168;1876.9243269741;1876.9243269741;6539641957.29;225975170377.92;"2023-04-30T00:00:00.000Z"
1868.8910607926;1886.2064498216;1809.1932146219;1831.9547997998;8625783200.5;220556145427.76;"2023-05-01T00:00:00.000Z"
1831.7265305707;1879.7595743342;1824.3270696947;1870.7892659124;7536785767.45;225222354683.52;"2023-05-02T00:00:00.000Z"
1870.687115686;1915.504184151;1845.8718323806;1904.651898117;8306390868.53;229285466097.66;"2023-05-03T00:00:00.000Z"
1905.1689840561;1915.8716856168;1868.6297278773;1877.7041428906;6578438233.42;226030254515.46;"2023-05-04T00:00:00.000Z"
1877.8331774552;1998.4135547785;1876.9466254067;1995.0608851615;9498261359.65;240145032619.42;"2023-05-05T00:00:00.000Z"
1995.4791811819;2017.55948262;1870.6055862279;1900.2217837952;9623243036.5;228705408822.97;"2023-05-06T00:00:00.000Z"
1899.9176430515;1933.998353135;1873.0764708369;1873.0764708369;6883942236.42;225414591269.9;"2023-05-07T00:00:00.000Z"
1872.4751384308;1886.1621296463;1818.4505648411;1849.042756465;9895102898.68;222504389357.37;"2023-05-08T00:00:00.000Z"
1849.0610410329;1860.6674775378;1832.9069979727;1848.603129681;6129516088.49;222433950191.07;"2023-05-09T00:00:00.000Z"
1848.2135452727;1886.8002994553;1795.6688771416;1842.4014364488;9945549603.27;221673504868.32;"2023-05-10T00:00:00.000Z"
1842.4921237221;1842.4921237221;1774.1325482637;1796.4906137076;8353828311.69;216135216883.07;"2023-05-11T00:00:00.000Z"
1795.1766142446;1812.4248715856;1742.4037545434;1808.0197452174;9047198660.44;222028758930.9;"2023-05-12T00:00:00.000Z"
1808.375009535;1816.0585194797;1788.4755757848;1796.1149274099;4647630864.12;220637609942.13;"2023-05-13T00:00:00.000Z"
1796.1079663969;1823.4907678607;1793.2287550918;1800.5010095513;4711210241.24;221375138904.33;"2023-05-14T00:00:00.000Z"
1800.3711607425;1845.6954612692;1787.5364335214;1817.5498870463;6748889346.13;223490168593.18;"2023-05-15T00:00:00.000Z"
1816.8242512606;1830.3515931;1797.843778946;1824.1214554709;5595959667.52;219418097417.64;"2023-05-16T00:00:00.000Z"
1824.0684051134;1835.5546019973;1786.6719990036;1821.8595805464;6352161578.89;219138701233.08;"2023-05-17T00:00:00.000Z"
1822.0682131821;1831.4503171198;1774.1950122934;1801.7284805099;5673124255.21;216710693709.2;"2023-05-18T00:00:00.000Z"
1800.9943643468;1826.1941974336;1797.434450887;1812.5895098483;4796110259.27;218010422175.62;"2023-05-19T00:00:00.000Z"
1812.7660597735;1829.00960332;1808.0467309723;1820.4780014054;2951655969.3;218953899552.53;"2023-05-20T00:00:00.000Z"
1820.1380998228;1827.9220019109;1799.9468751397;1804.5313803255;3386768865.1;217032947920.34;"2023-05-21T00:00:00.000Z"
1804.8418680605;1826.6965809396;1793.2240359427;1817.5348253547;4534841048.84;218593840135.54;"2023-05-22T00:00:00.000Z"
1817.7811567459;1869.3440186928;1816.2879379452;1854.3806307242;6820047160.22;223019695977.43;"2023-05-23T00:00:00.000Z"
1854.2997086356;1854.2997086356;1780.9254996826;1800.1000165874;7101647418.5;216485036956.1;"2023-05-24T00:00:00.000Z"
1799.8451574147;1815.9947127958;1763.3651212148;1805.9536832882;6321689858.67;217184216646.79;"2023-05-25T00:00:00.000Z"
1805.7254318258;1837.8657967239;1798.4060286875;1828.6897444971;5451414258.32;219914764942.45;"2023-05-26T00:00:00.000Z"
1828.5756734057;1836.1845803856;1817.4920925113;1831.1183083015;3216737651.79;220204378895.01;"2023-05-27T00:00:00.000Z"
1831.0986544228;1915.7232262948;1825.4672629025;1910.9141581907;6359610561.11;229798912476.57;"2023-05-28T00:00:00.000Z"
1909.2975362;1926.4217704419;1879.0775645997;1893.0780853441;5884674571.59;227650784838.18;"2023-05-29T00:00:00.000Z"
1893.0931752029;1916.5749594832;1883.9347124647;1901.0265676637;5363439783.55;228601344794;"2023-05-30T00:00:00.000Z"
1901.0982597761;1907.0353943202;1852.0947539702;1874.1304352123;5984512547.89;225361512775.62;"2023-05-31T00:00:00.000Z"
1873.9147321964;1887.7053050026;1846.2274137377;1862.2014510177;5640027196.55;223921509068.45;"2023-06-01T00:00:00.000Z"
1862.423759786;1910.2784501245;1851.9647091534;1907.2566362935;6097746021.52;229333834483.7;"2023-06-02T00:00:00.000Z"
1907.4208237897;1908.8222945198;1885.4855084528;1892.4125288604;3472274607.39;227537459456.49;"2023-06-03T00:00:00.000Z"
1892.3982141175;1912.2057260136;1885.6519019229;1890.5135595696;3747042695.61;227308028004.55;"2023-06-04T00:00:00.000Z"
1890.4176597218;1890.6404827704;1780.2115277046;1811.8283599458;9246593033.12;217846438558.82;"2023-06-05T00:00:00.000Z"
1810.5814536374;1896.222644097;1801.4052467264;1884.4948378065;8704411776.11;226580142941.11;"2023-06-06T00:00:00.000Z"
1884.3729302172;1893.8090668118;1822.3030417224;1832.3959608921;7919894454.8;220311724080.98;"2023-06-07T00:00:00.000Z"
1832.5135456548;1861.136144935;1830.165057854;1846.3018693826;4536041930.6;221982607204.4;"2023-06-08T00:00:00.000Z"
1846.0778688055;1854.8249457862;1828.5445185312;1840.2251778375;4610831509.17;221248657889.82;"2023-06-09T00:00:00.000Z"
1840.3919859661;1844.7856932948;1721.4431184382;1752.3847272043;10788500406.11;210685427348.37;"2023-06-10T00:00:00.000Z"
1752.5276212635;1776.8471935789;1741.1104892109;1753.4152398112;4559112980.81;210808348254.2;"2023-06-11T00:00:00.000Z"
1753.0754314612;1757.659734798;1722.906400172;1742.5286400944;6031384958.11;209498804938.46;"2023-06-12T00:00:00.000Z"
1742.3901386175;1761.9554365559;1727.7498756379;1739.0375441046;6214125203.3;209079208633.39;"2023-06-13T00:00:00.000Z"
1739.2501168201;1749.1631811252;1637.1876973582;1650.5192414211;7462905533.98;198432174708.73;"2023-06-14T00:00:00.000Z"
1650.4982107179;1676.4065594574;1624.1383321295;1665.5198178778;7328564879.7;200224535661.62;"2023-06-15T00:00:00.000Z"
1665.4106761871;1727.2895658883;1653.170927358;1716.668853444;6281023478.71;206369179860.34;"2023-06-16T00:00:00.000Z"
1716.6717140439;1766.7631401112;1714.1508954465;1727.2041521169;4875187476.59;207632053119.27;"2023-06-17T00:00:00.000Z"
1727.1937051634;1746.5092078679;1718.1114505354;1720.577491777;3820038842.16;206832112414.09;"2023-06-18T00:00:00.000Z"
1720.5053375704;1745.1346962137;1705.8134349753;1737.6594086455;5210480120.86;208881998031.32;"2023-06-19T00:00:00.000Z"
1736.8797897445;1793.3139117011;1715.3425624282;1792.119945283;7171072578.42;215424018944.87;"2023-06-20T00:00:00.000Z"
1791.9950289874;1898.6689110531;1788.4892389467;1891.0071503552;11731457711.06;227300141959.11;"2023-06-21T00:00:00.000Z"
1889.7944269231;1932.0655716054;1867.8765859915;1872.9430470581;8477657143.31;225124435575.99;"2023-06-22T00:00:00.000Z"
1872.5407720867;1932.531664891;1865.1920172308;1892.8621079799;8290615074.46;227515380123.15;"2023-06-23T00:00:00.000Z"
1893.7720012745;1905.2274588128;1867.8115355054;1876.0597024608;5026191704.23;225490330139.48;"2023-06-24T00:00:00.000Z"
1875.8491070016;1929.0790552872;1870.850099511;1900.5061356568;6937581708.87;228424935740.82;"2023-06-25T00:00:00.000Z"
1900.050251713;1905.360466993;1840.2150420901;1859.4328584009;8619702291.5;223481844153.87;"2023-06-26T00:00:00.000Z"
1859.3462129181;1911.3111560326;1856.8383903821;1889.7033733015;7686042202.44;227116881653.75;"2023-06-27T00:00:00.000Z"
1889.9065340307;1890.2089964527;1822.1028146005;1827.9711912824;7135265015.9;219761761156.32;"2023-06-28T00:00:00.000Z"
1828.0593642918;1876.5303331669;1828.0593642918;1852.2272895415;5677228612.02;222677553067.99;"2023-06-29T00:00:00.000Z"
1852.0084814742;1945.2743126905;1831.2810024118;1933.1889822154;12895131248.2;232408283870.42;"2023-06-30T00:00:00.000Z"
1933.3238877329;1942.701544088;1910.8485729338;1924.5659495846;5136809625.32;231369563103.66;"2023-07-01T00:00:00.000Z"
1924.4481569744;1958.1608073706;1895.9070003139;1937.4383914033;6343966489.66;232916432171.51;"2023-07-02T00:00:00.000Z"
1937.8838192993;1974.7750263789;1934.6888071317;1955.3891053947;7858509087.49;235075381096.91;"2023-07-03T00:00:00.000Z"
1955.5241236593;1966.36535324;1932.6112948686;1936.6335891823;5683423775.56;232820313728.46;"2023-07-04T00:00:00.000Z"
1936.7967804558;1942.4325022146;1897.1248067709;1910.5880452173;6034088075.03;229686223069.99;"2023-07-05T00:00:00.000Z"
1910.4171100273;1956.0123305788;1847.8506564188;1848.6364873329;8905008384.07;222232180744.4;"2023-07-06T00:00:00.000Z"
1847.512536429;1876.9632960836;1832.0254181354;1870.6025963313;6468885149.98;224865960293.99;"2023-07-07T00:00:00.000Z"
1871.0020740026;1872.5015981021;1844.6417817998;1865.5396023891;4299007853.56;224254934504.45;"2023-07-08T00:00:00.000Z"
1865.5950241469;1878.6689766544;1857.7483499781;1863.0098100363;4392863806.9;223949968247.1;"2023-07-09T00:00:00.000Z"
1863.2401935872;1905.460815002;1848.7772587755;1880.5564552602;6336468234.43;226058650339.34;"2023-07-10T00:00:00.000Z"
1880.6548636585;1889.381773215;1863.2186571799;1878.3361077979;4905225891.57;225791368052.22;"2023-07-11T00:00:00.000Z"
1878.3220819239;1901.1484281968;1865.7100400644;1872.1137991587;6379006999.95;225042891982.26;"2023-07-12T00:00:00.000Z"
1872.040234166;2011.8852569988;1864.4961442519;2006.5115122091;11114853969.23;241195864006.75;"2023-07-13T00:00:00.000Z"
2005.6861152719;2026.2049230768;1901.3612502454;1939.3470895149;10627449471.12;233118658512.83;"2023-07-14T00:00:00.000Z"
1939.1296241059;1946.0192162577;1928.1873224667;1931.4665891581;4380084233.54;232165415326.64;"2023-07-15T00:00:00.000Z"
1931.6449975842;1942.0308648717;1917.2940185838;1923.681857036;4329306566.07;231226923280.79;"2023-07-16T00:00:00.000Z"
1923.6943368597;1936.1775776474;1875.1203206859;1911.6461566209;6678090757.93;229781805153.89;"2023-07-17T00:00:00.000Z"
1911.6970195928;1916.4683316665;1878.7184501339;1897.5992249179;5814708444.98;228092963187.17;"2023-07-18T00:00:00.000Z"
1897.7972685971;1919.2643604398;1883.0670928023;1889.0079644853;6018487800.4;227057271106.86;"2023-07-19T00:00:00.000Z"
1889.073748995;1919.2643604398;1879.734398668;1890.9691089077;7366830683.51;227287014709.89;"2023-07-20T00:00:00.000Z"
1891.5812793732;1905.3861774581;1885.2962660717;1892.0801319193;4668158259.72;227568017429.56;"2023-07-21T00:00:00.000Z"
1891.9551091027;1897.0880167419;1855.092772111;1864.9122953499;4101305643.35;224150871476.76;"2023-07-22T00:00:00.000Z"
1866.0942085047;1904.4833299778;1859.5689063925;1889.1916718834;4480604099.77;227069518772.29;"2023-07-23T00:00:00.000Z"
1888.809522871;1889.7619331029;1836.8524404344;1850.0020751716;6344373568.82;222359174267.9;"2023-07-24T00:00:00.000Z"
1850.0279874104;1867.3231871439;1845.9815839056;1857.741957571;4163381707.32;223456250671.33;"2023-07-25T00:00:00.000Z"
1857.6965328035;1886.9741249298;1849.4368818344;1872.1599359835;5781548155.47;225653957077.34;"2023-07-26T00:00:00.000Z"
1872.0863087262;1885.5916123837;1855.321567337;1860.3572210048;4291339248.12;223597227103.75;"2023-07-27T00:00:00.000Z"
1860.7024919129;1881.457298528;1857.048891221;1874.7449256662;3800973336.48;226529194963.13;"2023-07-28T00:00:00.000Z"
1874.5604314537;1885.52927053;1870.333920147;1881.0688769377;2497302217.96;226077954074.33;"2023-07-29T00:00:00.000Z"
1880.8715209299;1884.1442089882;1851.7279943563;1861.6438552675;4003005547.05;225274024718.29;"2023-07-30T00:00:00.000Z"
1861.7552171849;1875.6294465554;1851.9153704333;1856.1623397384;4391613313.66;223070797299.17;"2023-07-31T00:00:00.000Z"
1856.1901659675;1873.029963847;1817.9207855497;1871.7921704215;7634860635.76;224944195689.1;"2023-08-01T00:00:00.000Z"
1873.4681445447;1877.5115199178;1822.3483015617;1839.0897065368;6448512421.97;223097571555.34;"2023-08-02T00:00:00.000Z"
1838.8979284303;1856.4076362792;1825.3478052252;1835.1365255355;4710581073.79;220530132874.86;"2023-08-03T00:00:00.000Z"
1834.8904618294;1847.9121779145;1817.4138100776;1827.7129406804;4861242484.17;219632850428.96;"2023-08-04T00:00:00.000Z"
1827.798586463;1836.464899772;1824.8079382819;1834.9879173213;2866049749.41;220502861332.05;"2023-08-05T00:00:00.000Z"
1834.8452145586;1836.2488802209;1824.9866370972;1827.462079169;2963395075.87;219593479527.48;"2023-08-06T00:00:00.000Z"
1827.239468493;1842.5225755968;1804.716645695;1826.9387893514;5837881974.42;219527926618.49;"2023-08-07T00:00:00.000Z"
1826.9309959765;1873.8472283619;1824.4300565131;1855.8073211753;5812855406.06;222992394106.75;"2023-08-08T00:00:00.000Z"
1855.7794639407;1869.7365608605;1845.4897170816;1854.2975491247;5870081832.81;222805472557.44;"2023-08-09T00:00:00.000Z"