name;open;high;low;close;volume;marketCap;timestamp
"2783";0.01736495436006;0.02007084721035;0.01364407759991;0.01475585650595;13630024.816982407;0;"2019-04-29T00:00:00.000Z"
"2783";0.01475080454893;0.02257709551807;0.01188846542584;0.02088798631533;70711049.10288829;44856936.40994764;"2019-05-06T00:00:00.000Z"
"2783";0.02086768485661;0.0850474185;0.02030183714077;0.0829224709;559732116.5636247;172938286.83064753;"2019-05-13T00:00:00.000Z"
"2783";0.082890446;0.1844397769;0.0790910181;0.0981448268;393219378.5631498;215946803.86870292;"2019-05-20T00:00:00.000Z"
"2783";0.0980944149;0.1009904476;0.0744075187;0.0789608514;140634755.4790737;174769258.07439527;"2019-05-27T00:00:00.000Z"
"2783";0.0789608514;0.1069773659;0.0700442743;0.0988842172;286759232.3897042;216229288.1322957;"2019-06-03T00:00:00.000Z"
"2783";0.0987599756;0.106759143;0.0753355645;0.0885022148;172544711.1029874;190290259.9394724;"2019-06-10T00:00:00.000Z"
"2783";0.0882327767;0.0944021749;0.0783644773;0.0802173557;163801876.07212564;176635413.51613545;"2019-06-17T00:00:00.000Z"
"2783";0.0802173557;0.1030865604;0.0626937118;0.0846097987;293828833.9667978;182438539.87487793;"2019-06-24T00:00:00.000Z"
"2783";0.0846277927;0.0884829722;0.0655391115;0.0674713788;56358094.154390305;147837036.09022695;"2019-07-01T00:00:00.000Z"
"2783";0.0674009746;0.0677868879;0.0530958943;0.0534768018;80289913.45322001;118812245.95684665;"2019-07-08T00:00:00.000Z"
"2783";0.053454086;0.0548290307;0.04396258;0.0503290937;24077719.051997866;109009414.56965412;"2019-07-15T00:00:00.000Z"
"2783";0.0503939753;0.0509881877;0.0420732622;0.0444316235;20897323.13829015;95828092.89091685;"2019-07-22T00:00:00.000Z"
"2783";0.0445078073;0.0451695008;0.0395895634;0.0399038123;24769011.080179103;84230893.98016234;"2019-07-29T00:00:00.000Z"
"2783";0.0398819234;0.0809338012;0.0380686556281;0.0646148603;307501525.8242029;138378339.63843763;"2019-08-05T00:00:00.000Z"
"2783";0.0633928409;0.0718203251;0.0533512967;0.0557778233;67967498.91406485;119351906.58781093;"2019-08-12T00:00:00.000Z"
"2783";0.0557729731;0.0707200752;0.0557729731;0.056767555;47601707.55989294;119868208.62944677;"2019-08-19T00:00:00.000Z"
"2783";0.056775073;0.0616836493;0.0480062009;0.0506984443;24465129.29974677;109807763.10809396;"2019-08-26T00:00:00.000Z"
"2783";0.0506974934;0.0621124102;0.0501410837;0.0565844302;23973384.22403758;126565902.8089413;"2019-09-02T00:00:00.000Z"
"2783";0.0565844302;0.059533625;0.0509591532;0.0527628065;21320624.476582665;115011878.60547607;"2019-09-09T00:00:00.000Z"
"2783";0.0527938673;0.0602981621;0.0509947902;0.0521159473;30173685.622743014;112489207.11209099;"2019-09-16T00:00:00.000Z"
"2783";0.0522518229;0.0548426735;0.0428373457;0.0454779149;26508442.87935521;99513995.61291067;"2019-09-23T00:00:00.000Z"
"2783";0.0454779149;0.0460383268;0.0421397366;0.0421397366;21559356.03245652;94685095.73565333;"2019-09-30T00:00:00.000Z"
"2783";0.0421142648;0.0726248667;0.0418376149;0.0617357544;80428829.12009396;133562300.22841686;"2019-10-07T00:00:00.000Z"
"2783";0.0617357544;0.068692268;0.0543720669;0.0570540304;39788753.9433;124994223.87120001;"2019-10-14T00:00:00.000Z"
"2783";0.0570548241;0.0624215168;0.0524196578;0.056458235;114066033.52345985;136078909.02118382;"2019-10-21T00:00:00.000Z"
"2783";0.0564317335;0.0605095291;0.0531808349;0.0541515791;35508502.220052965;129588640.99086025;"2019-10-28T00:00:00.000Z"
"2783";0.0541497544;0.0656933804;0.0540294279;0.0656081087;62999868.432792045;150031191.0087041;"2019-11-04T00:00:00.000Z"
"2783";0.065510623;0.0658769369;0.0576461079;0.0605278605;38596801.83518034;143461806.65534958;"2019-11-11T00:00:00.000Z"
"2783";0.06047897;0.0743330329;0.0517672075;0.0642967769;161997997.08236352;158394604.90172493;"2019-11-18T00:00:00.000Z"
"2783";0.0644240674;0.1245403142;0.0641378234;0.1119848793;223558463.8547283;279102633.8518034;"2019-11-25T00:00:00.000Z"
"2783";0.1124866003;0.1784783716;0.1060423394;0.1725980164;290391229.7837351;450168098.4984451;"2019-12-02T00:00:00.000Z"
"2783";0.1725980164;0.1769808669;0.0500509138;0.0587107791;174035335.48294884;150881069.8674777;"2019-12-09T00:00:00.000Z"
"2783";0.0587107791;0.0821406974;0.0465478012;0.0664175975;463693151.3148009;169571338.3607415;"2019-12-16T00:00:00.000Z"
"2783";0.0663425405;0.0696055321;0.0594549277;0.0598882756;80936237.21747108;154735646.21759236;"2019-12-23T00:00:00.000Z"
"2783";0.0598849995;0.0633457598;0.0551643051;0.0605697818;53875297.5189152;153833255.6252858;"2019-12-30T00:00:00.000Z"
"2783";0.0605463628;0.0647700719;0.0587171772;0.0614354772;44352331.80793456;155383635.55332163;"2020-01-06T00:00:00.000Z"
"2783";0.0613516229;0.0797765979;0.0607109585;0.068242065;107210207.40523243;171085286.5696562;"2020-01-13T00:00:00.000Z"
"2783";0.0682413593;0.0730847881;0.0643091415;0.0688225321;45528858.90047698;175234999.04118097;"2020-01-20T00:00:00.000Z"
"2783";0.0688953163;0.0840396248;0.0688953163;0.0818540811;114106069.85352746;204526120.32190794;"2020-01-27T00:00:00.000Z"
"2783";0.0818540811;0.1074332075;0.0811077685;0.0947061695;188953540.21924227;240150399.86860108;"2020-02-03T00:00:00.000Z"
"2783";0.0947460623;0.1062583552;0.0813373651;0.0866419836;205506661.16191897;222851700.54472455;"2020-02-10T00:00:00.000Z"
"2783";0.0865211503;0.1003938925;0.0816979729;0.097886146;144924774.09327343;245188655.25490257;"2020-02-17T00:00:00.000Z"
"2783";0.0978044993;0.0978755353;0.0757805801;0.087115832;134233078.9857928;218479512.23846796;"2020-02-24T00:00:00.000Z"
"2783";0.0871193078;0.1345900107;0.0853271577;0.0994644643;314914215.43206334;265535332.2527874;"2020-03-02T00:00:00.000Z"
"2783";0.0989660242;0.104364433;0.03359279147364;0.04823556648468;99214914.41092919;126697563.78122625;"2020-03-09T00:00:00.000Z"
"2783";0.04811786910094;0.0640792431;0.03493650193629;0.050887971;73627982.43996845;134815817.31951866;"2020-03-16T00:00:00.000Z"
"2783";0.050887971;0.0608199897;0.05010318899729;0.0515085805;53066597.182404526;140888935.41908422;"2020-03-23T00:00:00.000Z"
"2783";0.051457904;0.063234347;0.051341212;0.0612762386;59061619.29768409;161201605.76175624;"2020-03-30T00:00:00.000Z"
"2783";0.0612823383;0.0715578814;0.0611682563;0.0630686755;82996484.93450013;182253217.0580003;"2020-04-06T00:00:00.000Z"
"2783";0.0628979529;0.0713085344;0.0595066222;0.0681026721;74680778.05411004;183296117.4517401;"2020-04-13T00:00:00.000Z"
"2783";0.0679697705;0.0893443941;0.0628232321;0.087177112;129539828.05655381;280680547.4364716;"2020-04-20T00:00:00.000Z"
"2783";0.0872212434;0.0991976262;0.0841273887;0.0939583572;191335967.6478037;328360305.62247026;"2020-04-27T00:00:00.000Z"
"2783";0.093916052;0.1068948288;0.082922613;0.086012547;223049644.24863338;289012756.5365579;"2020-05-04T00:00:00.000Z"
"2783";0.0860531256;0.1262609889;0.0818244636;0.1187474167;168547395.38108033;390114110.70184004;"2020-05-11T00:00:00.000Z"
"2783";0.1187287254;0.1303982494;0.1029732173;0.1078408246;244037514.12356552;392132670.69962686;"2020-05-18T00:00:00.000Z"
"2783";0.107474453;0.1463657452;0.1064350584;0.1095252422;466483100.8389775;389719693.572319;"2020-05-25T00:00:00.000Z"
"2783";0.1086528051;0.1211992498;0.0977879491;0.1009940768;118383619.98609084;378657015.2947535;"2020-06-01T00:00:00.000Z"
"2783";0.1010039949;0.1094515886;0.0967261688;0.1042483263;127020511.53043991;357014813.81697977;"2020-06-08T00:00:00.000Z"
"2783";0.1043809436;0.1221270835;0.0958382287;0.1136981305;185067503.66835624;376744053.4763045;"2020-06-15T00:00:00.000Z"
"2783";0.1136562274;0.1182896775;0.1002504104;0.1101656644;120494715.88398017;372274627.9578005;"2020-06-22T00:00:00.000Z"
"2783";0.1102105532;0.111971053;0.0973108162;0.101298556;75821129.1757921;365306008.1316804;"2020-06-29T00:00:00.000Z"
"2783";0.1000039387;0.1163529256;0.0991100371;0.112744321;61625437.41535004;413567999.23655033;"2020-07-06T00:00:00.000Z"
"2783";0.112744321;0.1275831042;0.1099001104;0.114363889;57395295.922064394;422326274.8553904;"2020-07-13T00:00:00.000Z"
"2783";0.1144347874;0.1228460993;0.1058768572;0.108250713;73929198.8603041;416957486.1805326;"2020-07-20T00:00:00.000Z"
"2783";0.1082434057;0.1114423025;0.0944755782;0.1044570175;77566458.15728796;391978947.3763318;"2020-07-27T00:00:00.000Z"
"2783";0.1044670378;0.1293084401;0.103952829;0.1238871463;119701215.564736;446603298.41085595;"2020-08-03T00:00:00.000Z"
"2783";0.1255518456;0.1748086358;0.1242351636;0.1642150062;1320064637.513388;619776253.1662186;"2020-08-10T00:00:00.000Z"
"2783";0.1642135964;0.1736932595;0.1350965671;0.1429955202;1066954853.4865229;520061441.94806147;"2020-08-17T00:00:00.000Z"
"2783";0.1429954078;0.1684101596;0.001327806306;0.1491886541;666342488.2201345;587278124.3775526;"2020-08-24T00:00:00.000Z"
"2783";0.146408258;0.1471068068;0.0914752303;0.0996124811;670966263.153228;383173601.98771286;"2020-08-31T00:00:00.000Z"
"2783";0.0996499657;0.1131182009;0.0915503655;0.105468922;391579482.9718747;400154532.0694547;"2020-09-07T00:00:00.000Z"
"2783";0.1053726185;0.1206458644;0.1025838743;0.1182319857;520669236.4272367;443555542.8145247;"2020-09-14T00:00:00.000Z"
"2783";0.1182467579;0.1266828833;0.0969514679;0.1042232655;445693742.2853479;384205138.5147675;"2020-09-21T00:00:00.000Z"
"2783";0.1042107497;0.1148521762;0.0991294731;0.1057171781;405276106.8716272;394972752.7079929;"2020-09-28T00:00:00.000Z"
"2783";0.1057656002;0.1071096454;0.0873097312;0.0987457502;362801820.8819355;387495752.84954804;"2020-10-05T00:00:00.000Z"
"2783";0.098473195;0.1021952695;0.0903793006;0.095350028;251123027.71674415;357487674.79846364;"2020-10-12T00:00:00.000Z"
"2783";0.0952734641;0.1005324463;0.0866721805;0.0964534399;484019213.18199855;371257478.5035266;"2020-10-19T00:00:00.000Z"
"2783";0.0964534399;0.0993237124;0.0751755424;0.0810207007;404815826.58141756;339090171.1395052;"2020-10-26T00:00:00.000Z"
"2783";0.0810206433;0.0919165132;0.0666589311;0.0844206891;512169045.6520953;428731282.46275;"2020-11-02T00:00:00.000Z"
"2783";0.0844206891;0.0966446102;0.0824863136;0.0899123284;412748102.79730487;420175477.43241304;"2020-11-09T00:00:00.000Z"
"2783";0.0898614262;0.1078212391;0.0889604564;0.1024204427;577296718.2261864;494420207.4386819;"2020-11-16T00:00:00.000Z"
"2783";0.1024204965;0.1268096928;0.0841141025;0.1007871024;728790723.6944119;482692738.93845874;"2020-11-23T00:00:00.000Z"
"2783";0.1007834143;0.1086433982;0.0957777055;0.1009182779;483546907.7218557;497711933.5673287;"2020-11-30T00:00:00.000Z"
"2783";0.1009189482;0.1011227283;0.0852128507;0.0917022571;285041120.8118683;446562680.9162188;"2020-12-07T00:00:00.000Z"
"2783";0.0917008891;0.106304762;0.090838939;0.0980737516;485670176.2651795;467266571.840978;"2020-12-14T00:00:00.000Z"
"2783";0.0980685978;0.1041166336;0.0770797329;0.095436164;494941015.64978945;448098136.1137668;"2020-12-21T00:00:00.000Z"
"2783";0.0955459898;0.1068279264;0.0888749069;0.1039175219;476876887.7727871;501260882.92230844;"2020-12-28T00:00:00.000Z"
"2783";0.1040484647;0.2093789706;0.1026480325;0.1647854272;2883586737.964349;769561878.6231763;"2021-01-04T00:00:00.000Z"
"2783";0.1646620988;0.1922217289;0.1271799424;0.1800442993;1362445001.4373448;896690269.333562;"2021-01-11T00:00:00.000Z"
"2783";0.1801280765;0.1997390152;0.1416987891;0.1813780357;1407019304.2897677;854074451.3176136;"2021-01-18T00:00:00.000Z"
"2783";0.1813759582;0.2573008637;0.1745967761;0.2090989752;16009504245.85213;1020805021.582576;"2021-01-25T00:00:00.000Z"
"2783";0.209094059;0.3653620435;0.1986300276;0.3633224286;2999948816.525127;1830036225.0727417;"2021-02-01T00:00:00.000Z"
"2783";0.3613490409;0.7727425807;0.3297580995;0.541961984;11646389938.213165;2692161874.5984225;"2021-02-08T00:00:00.000Z"
"2783";0.5414832396;1.0680443616;0.4436210611;0.873380165;13527368440.826265;4327227113.089838;"2021-02-15T00:00:00.000Z"
"2783";0.8739048914;1.293949836;0.5545382385;1.28187289;21114282067.843796;6117916492.761931;"2021-02-22T00:00:00.000Z"
"2783";1.2913913746;1.4198380768;1.048859549;1.2081105345;11797032523.248661;5904382094.3569975;"2021-03-01T00:00:00.000Z"
"2783";1.208381764;2.817627122;1.1700002836;2.1224413558;36224887652.217255;10879501627.79557;"2021-03-08T00:00:00.000Z"
"2783";2.1146359352;2.4368143684;1.9579404594;2.0927872695;15073886917.012678;10585848040.311432;"2021-03-15T00:00:00.000Z"
"2783";2.0926081806;2.1087164856;1.6955510357;1.9910646022;9145895937.177006;9522553636.04991;"2021-03-22T00:00:00.000Z"
"2783";1.9939145606;2.4367180561;1.946591713;2.069931311;11053295710.024742;10457190360.310774;"2021-03-29T00:00:00.000Z"
"2783";2.0715477869;2.2070082954;1.7392092745;2.1058926235;8095095409.2469015;10663835491.170471;"2021-04-05T00:00:00.000Z"
"2783";2.104596575;2.6248197663;1.6977332263;2.028106852;15506017816.472738;10701150451.809273;"2021-04-12T00:00:00.000Z"
"2783";2.0307404466;2.3127024665;1.6555214624;2.0970762915;13432899566.508799;11099465134.467882;"2021-04-19T00:00:00.000Z"
"2783";2.1037974662;5.0217232826;2.0885673692;4.4840251363;80238019253.39285;23436833898.84741;"2021-04-26T00:00:00.000Z"
"2783";4.4758177254;5.5060837104;3.7458962407;5.0791846285;40392413663.38068;27380323235.062813;"2021-05-03T00:00:00.000Z"
"2783";5.0792238012;9.9512551115;4.1053822822;9.0401350601;105242566569.98228;55044455841.30147;"2021-05-10T00:00:00.000Z"
"2783";9.0638754033;14.0692242434;4.0202865259;5.8283807725;189299766559.29642;35312209483.38257;"2021-05-17T00:00:00.000Z"
"2783";5.7780552566;13.0023053747;5.7752756261;9.7469109179;224840571538.39655;62129707522.481834;"2021-05-24T00:00:00.000Z"
"2783";9.7467874704;10.3461329428;7.3510547153;7.9969445187;71458685955.85783;52047263199.252075;"2021-05-31T00:00:00.000Z"
"2783";7.9874679986;8.7163315296;5.9550826965;7.5169526348;57514726400.82868;46698019766.89515;"2021-06-07T00:00:00.000Z"
"2783";7.4997658839;8.7133575835;6.5505894201;7.1211688284;47933176370.22573;45065689500.61361;"2021-06-14T00:00:00.000Z"
"2783";7.1347747511;7.1852553956;4.6878388871;5.4878820654;45860877992.8861;35731500500.45108;"2021-06-21T00:00:00.000Z"
"2783";5.4909763077;6.1789472245;5.2737305206;5.8069341979;22155163757.13592;35661477616.565735;"2021-06-28T00:00:00.000Z"
"2783";5.8043912718;6.1112114046;5.2852671626;5.4810960696;16727342943.111513;33387476118.837;"2021-07-05T00:00:00.000Z"
"2783";5.4832605231;5.4832605231;4.0083408311;4.069159772;15773132960.924448;26484674576.397583;"2021-07-12T00:00:00.000Z"
"2783";4.0642583933;5.1254017518;3.2783367875;4.8884573747;36728927943.43337;30756096353.589626;"2021-07-19T00:00:00.000Z"
"2783";4.8870888362;5.9103201684;4.8599863752;5.4822321311;42708574579.89235;35167121940.1859;"2021-07-26T00:00:00.000Z"
"2783";5.4686998256;6.2530242662;5.2118913674;5.6569270985;29601795970.759613;36297293582.84884;"2021-08-02T00:00:00.000Z"
"2783";5.6647783748;7.942713419;5.4426926016;7.69734335;48172843737.41545;49600230891.3018;"2021-08-09T00:00:00.000Z"
"2783";7.7033466313;9.1490171021;6.8232476637;8.7496360402;45004000525.03112;55129082255.2448;"2021-08-16T00:00:00.000Z"
"2783";8.7412632828;9.1010332648;7.1067906571;7.3951700498;33110965160.621117;49517948831.95503;"2021-08-23T00:00:00.000Z"
"2783";7.3943751914;9.3343301291;6.7556835945;8.718689923;52198263209.89475;57792311604.56617;"2021-08-30T00:00:00.000Z"
"2783";8.7280078658;8.9191484592;5.8167621012;6.9758070876;60311744432.836555;45945165901.13121;"2021-09-06T00:00:00.000Z"
"2783";6.9794847441;7.8165495137;6.2763888079;6.9527644566;34282988129.87046;45896842403.583984;"2021-09-13T00:00:00.000Z"
"2783";6.9563536922;6.9753928581;5.3689641567;5.9926661466;35084869143.02773;39647463579.054565;"2021-09-20T00:00:00.000Z"
"2783";6.0051133176;7.2672270069;5.6756015992;7.1121173346;26989372002.3352;47210109156.144806;"2021-09-27T00:00:00.000Z"
"2783";7.1169191353;7.920018572;6.6074253403;6.8754445454;31898952271.2082;45002722070.467606;"2021-10-04T00:00:00.000Z"
"2783";6.8658271538;8.9367305932;6.3881412482;7.9522456556;51155925245.89667;53921325181.08245;"2021-10-11T00:00:00.000Z"
"2783";7.9524984366;9.460924851;7.9524984366;8.892250645;41700856575.64064;58116617796.22173;"2021-10-18T00:00:00.000Z"
"2783";8.8815044668;12.5152130238;8.841009311;10.9086957997;89990340025.62932;74173598066.61737;"2021-10-25T00:00:00.000Z"
"2783";10.9401368989;12.2057340459;10.0546122865;10.4425681318;44701532369.56325;72465191713.48952;"2021-11-01T00:00:00.000Z"
"2783";10.4634823154;10.742439755;8.5276544706;9.4430601358;39167613091.08838;66558531374.1262;"2021-11-08T00:00:00.000Z"
"2783";9.4448925516;9.6373484314;8.0448857797;8.9934001043;34278050505.45519;60876387672.309906;"2021-11-15T00:00:00.000Z"
"2783";8.9857185239;10.9416293824;8.4756225973;9.2397442145;46060553240.26591;65097062434.16407;"2021-11-22T00:00:00.000Z"
"2783";9.2489547293;13.463712924;8.8088279393;11.5643653136;121563193992.46252;80344132339.04443;"2021-11-29T00:00:00.000Z"
"2783";11.6088882834;14.3156030379;9.7198009564;11.7141836975;139158209556.8706;83552099421.44783;"2021-12-06T00:00:00.000Z"
"2783";11.7147228759;13.0481446076;9.9127400752;12.6571136978;91329974826.42996;88332107793.14366;"2021-12-13T00:00:00.000Z"
"2783";12.6588527249;16.3853219794;11.6993369755;16.3210490249;103809978066.99475;116259425645.4728;"2021-12-20T00:00:00.000Z"
"2783";16.3193628225;16.5820500634;13.6393851873;14.2242352686;73345664566.83838;103594247580.89479;"2021-12-27T00:00:00.000Z"
"2783";14.2240429792;14.2284225705;10.7953152262;11.9223555064;60503185375.74024;84553560055.91162;"2022-01-03T00:00:00.000Z"
"2783";11.9218632296;13.5769509876;11.0102861363;12.8954251309;56830092100.40574;96018983620.15274;"2022-01-10T00:00:00.000Z"
"2783";12.8977954205;13.5350620441;7.7575917023;8.8229408172;62439326475.44581;66627620802.87621;"2022-01-17T00:00:00.000Z"
"2783";8.8234037091;9.7867785373;7.2051049672;8.6161779153;60067368633.402115;65383932895.58378;"2022-01-24T00:00:00.000Z"
"2783";8.6177042811;9.3500214918;7.8195538915;9.2710361183;32553242531.809616;69676808867.2893;"2022-01-31T00:00:00.000Z"
"2783";9.2700478422;10.9018925192;8.6611737554;8.7772189174;58170499607.20923;66535995461.820786;"2022-02-07T00:00:00.000Z"
"2783";8.7674417333;9.6012266674;7.7129910389;7.7903328085;37483871076.04694;60009073569.89315;"2022-02-14T00:00:00.000Z"
"2783";7.7866252956;8.289907852;6.2781699763;7.5045008293;54545166382.53413;56287763938.25686;"2022-02-21T00:00:00.000Z"
"2783";7.5021119401;8.7404381818;7.2738144449;7.2738144449;36924672452.041084;56370106865.560265;"2022-02-28T00:00:00.000Z"
"2783";7.2744204138;7.7955156935;6.8958276418;6.9167096971;28375065202.62245;52887020209.859055;"2022-03-07T00:00:00.000Z"
"2783";6.9159962233;7.7306669354;6.8515101014;7.3482168808;24449644117.114464;57178046395.17188;"2022-03-14T00:00:00.000Z"
"2783";7.3478777699;8.0329031445;7.2631015456;8.032519161;24251905826.16584;65463038717.61191;"2022-03-21T00:00:00.000Z"
"2783";8.0247643268;8.3288271539;7.4386971828;7.8676575633;27116194302.58859;62085437422.72456;"2022-03-28T00:00:00.000Z"
"2783";7.8667695241;7.8667695241;6.7208149903;6.7367138581;18474257726.383247;51811870551.52017;"2022-04-04T00:00:00.000Z"
"2783";6.7284233938;6.8338173814;6.1961258284;6.3011611187;17624008477.023163;49143968541.41098;"2022-04-11T00:00:00.000Z"
"2783";6.3012970726;7.0459349367;6.1125836038;6.4479414026;23083979749.48212;49396019457.123344;"2022-04-18T00:00:00.000Z"
"2783";6.4455949707;6.6305748848;5.0957010477;5.4758660765;21299568924.94521;41442637088.00824;"2022-04-25T00:00:00.000Z"
"2783";5.4753855474;5.8312091554;4.9070419696;4.9515225743;23168098224.966267;38027968027.69998;"2022-05-02T00:00:00.000Z"
"2783";4.9517348331;5.0311572469;2.6120987045;3.7319378111;39458054941.60016;29793657644.411617;"2022-05-09T00:00:00.000Z"
"2783";3.732618612;3.7452080436;3.0547915448;3.3113173974;17958963071.876682;27295377660.543503;"2022-05-16T00:00:00.000Z"
"2783";3.3083075849;3.344634709;2.683976148;2.8317966195;16283152348.673067;23237944548.5726;"2022-05-23T00:00:00.000Z"
"2783";2.8316665283;3.2365366475;2.775274469;2.8561081251;12738981501.092482;22507727440.46635;"2022-05-30T00:00:00.000Z"
"2783";2.8564160557;3.2329170471;2.5022298738;2.5022298738;14584658688.544037;19073614921.9439;"2022-06-06T00:00:00.000Z"
"2783";2.5002117028;2.5014481615;1.6637092717;1.9743912272;18287610471.572037;15283075891.85243;"2022-06-13T00:00:00.000Z"
"2783";1.9744333645;3.2709068884;1.8644431199;2.9398199769;24059368938.653934;23122282489.715534;"2022-06-20T00:00:00.000Z"
"2783";2.9379956404;3.1180825235;2.1892640457;2.4563565043;23357148167.705845;19337097999.63729;"2022-06-27T00:00:00.000Z"
"2783";2.4577309094;3.2256144625;2.4140372915;3.0022999117;22734959428.14348;24391026983.523647;"2022-07-04T00:00:00.000Z"
"2783";3.0018039939;4.2441975437;2.8688665519;4.0750037473;34169467061.66861;31686593631.841564;"2022-07-11T00:00:00.000Z"
"2783";4.0757883484;5.2541276719;4.0389347297;4.845361629;52290751037.236275;38184801722.87393;"2022-07-18T00:00:00.000Z"
"2783";4.8448015119;5.1941584891;3.8782232282;4.8016354892;45677750138.63754;41007917396.587555;"2022-07-25T00:00:00.000Z"
"2783";4.8016769469;4.8832113871;4.4207084087;4.6840494404;17963603544.392532;37683500397.350334;"2022-08-01T00:00:00.000Z"
"2783";4.684258603;5.3321765825;4.4804170681;5.0810157242;17626355876.011482;41548927765.20081;"2022-08-08T00:00:00.000Z"
"2783";5.080696624;5.236426203;3.9462531148;4.2400431249;17529164015.536427;33485336830.732292;"2022-08-15T00:00:00.000Z"
"2783";4.2399735594;4.2865783827;3.8412469832;3.9714487549;14967531310.951294;34387623010.06063;"2022-08-22T00:00:00.000Z"
"2783";3.9703258004;4.7615558859;3.8707062254;4.6254066274;15051684784.594177;39315982714.99307;"2022-08-29T00:00:00.000Z"
"2783";4.625694659;4.7463967283;4.1738419786;4.6052900374;14357898962.897066;40417074853.94689;"2022-09-05T00:00:00.000Z"
"2783";4.6037791094;4.7907977721;3.9564825822;3.9571219708;16364482341.532974;33875735731.892677;"2022-09-12T00:00:00.000Z"
"2783";3.9579545173;4.1206293779;3.5926563584;3.8936136859;13883876634.77417;33955691222.659462;"2022-09-19T00:00:00.000Z"
"2783";3.8940059436;4.216727627;3.8492566799;4.1385061615;12037217408.699177;35113604140.74652;"2022-09-26T00:00:00.000Z"
"2783";4.1387555286;4.4557112644;4.1088360425;4.2918763854;11422605845.608917;39038117861.01387;"2022-10-03T00:00:00.000Z"
"2783";4.2916579832;4.3653092605;3.8183931201;4.2607900558;10228630542.451399;36314204116.03392;"2022-10-10T00:00:00.000Z"
"2783";4.2603227647;4.6557567149;4.0743203157;4.6475705799;14425037081.977491;41882309388.73703;"2022-10-17T00:00:00.000Z"
"2783";4.6473185921;5.1262360278;4.5182135187;4.812804067;16971421834.368038;40999958051.674065;"2022-10-24T00:00:00.000Z"
"2783";4.8121522256;6.4484006202;4.3226824621;5.754558427;34855917833.84997;52633804461.74998;"2022-10-31T00:00:00.000Z"
"2783";5.7537861998;6.5986470502;4.0401940368;4.7223744364;54980290998.22357;39224122235.42638;"2022-11-07T00:00:00.000Z"
"2783";4.7216042881;5.1728798881;4.3300734459;4.3452311515;18610473201.56272;37508448834.00536;"2022-11-14T00:00:00.000Z"
"2783";4.3449271749;4.757894523;4.1050255844;4.5705950749;14713023018.117647;39707018229.493965;"2022-11-21T00:00:00.000Z"
"2783";4.5707820231;4.9511975912;4.3449662402;4.8140089236;12125044018.22676;43569368131.85523;"2022-11-28T00:00:00.000Z"
"2783";4.8130277775;4.927038126;4.5854214381;4.6794170648;8529508448.57404;40729904182.70194;"2022-12-05T00:00:00.000Z"
"2783";4.6797444445;4.943832386;4.1755675388;4.3189814857;12901344164.878447;37239860500.37419;"2022-12-12T00:00:00.000Z"
"2783";4.3199134449;4.3619326732;4.052235505;4.1074124162;7678615232.555888;36855146335.942894;"2022-12-19T00:00:00.000Z"
"2783";4.1073882645;4.2715137137;3.9612368484;4.0175740871;5902748746.568428;34289062085.772125;"2022-12-26T00:00:00.000Z"
"2783";4.0176549812;4.3992509067;3.9711035273;4.3905975271;7776937492.905007;38803061492.78001;"2023-01-02T00:00:00.000Z"
"2783";4.3901296364;5.3522323455;4.3681538441;5.0108043866;17616295807.899403;44881104562.63612;"2023-01-09T00:00:00.000Z"
"2783";5.0105925987;5.3211375016;4.7965220061;5.1770144921;17543400960.01995;44236515277.667725;"2023-01-16T00:00:00.000Z"
"2783";5.1770973459;6.1116267869;4.8211143115;6.0178159178;24123035338.142845;53577524150.40725;"2023-01-23T00:00:00.000Z"
"2783";6.017728194;6.6018956406;5.4580483793;6.2032033094;21891882534.222954;53749459476.114944;"2023-01-30T00:00:00.000Z"
"2783";6.2025143802;6.9936395358;6.0843392239;6.4572414522;26993015004.90877;55710797720.41411;"2023-02-06T00:00:00.000Z"
"2783";6.4562969474;8.0574424277;5.9240693252;7.6430295538;32051060188.40965;67330383170.108734;"2023-02-13T00:00:00.000Z"
"2783";7.6484915707;7.7835074017;6.2658720154;6.6519129655;21597414686.028362;57845441954.72122;"2023-02-20T00:00:00.000Z"
"2783";6.6524347188;6.6559483225;5.7226074336;5.9100206596;16174520623.263754;51581827027.743126;"2023-02-27T00:00:00.000Z"
"2783";5.9089738242;6.0364905433;4.9032621102;6.0364905433;22791554935.59503;52506659323.93395;"2023-03-06T00:00:00.000Z"
"2783";6.0338040198;6.6035814254;5.770187525;6.1709253735;24628992030.44909;53270076620.014175;"2023-03-13T00:00:00.000Z"
"2783";6.1718841443;6.1935257894;5.5970087858;5.8006337892;17344364358.9375;52997740679.626335;"2023-03-20T00:00:00.000Z"
"2783";5.8009626507;5.9092836583;5.3624996308;5.5524871895;11501729723.91941;52239299169.67745;"2023-03-27T00:00:00.000Z"
"2783";5.5521037706;5.9178125444;5.4379365019;5.5712058518;8730724095.319416;51136922072.426735;"2023-04-03T00:00:00.000Z"
"2783";5.5709293885;5.865593601;5.4319184514;5.8129973679;12833310154.825731;55183003107.70609;"2023-04-10T00:00:00.000Z"
"2783";5.8124538873;5.8146812888;4.9764256961;5.0679735774;13218716651.780466;45435837928.02594;"2023-04-17T00:00:00.000Z"
"2783";5.0679315369;5.3500424179;4.8233447326;4.9081040342;16093505212.391106;45960902624.87627;"2023-04-24T00:00:00.000Z"
"2783";4.9070866742;5.0772381909;4.7370360586;4.782933964;12773894667.048508;44545950860.730835;"2023-05-01T00:00:00.000Z"
"2783";4.7821098471;4.7920302753;4.0558081323;4.2315435568;13944128395.275017;39390033150.57489;"2023-05-08T00:00:00.000Z"
"2783";4.231381452;4.4386351739;4.1357900976;4.2824567801;10574101866.33863;39129917834.82062;"2023-05-15T00:00:00.000Z"
"2783";4.2825135519;4.7639034681;4.2253112103;4.7040725337;10667605688.971294;43686256468.402626;"2023-05-22T00:00:00.000Z"
"2783";4.7041962242;4.736889906;4.4293475782;4.4293475782;8349499260.998827;41402087066.08267;"2023-05-29T00:00:00.000Z"
"2783";4.4292107053;4.4292107053;2.7294922572;3.0987771552;18041629545.776516;29250284770.042442;"2023-06-05T00:00:00.000Z"
"2783";3.0988378896;3.2721061128;2.705916818;2.875675676;13923106588.70993;27051508270.77929;"2023-06-12T00:00:00.000Z"
"2783";2.8757855024;3.3694470095;2.8369569137;3.1957252375;10495529269.952244;29881516362.817173;"2023-06-19T00:00:00.000Z"
"2783";3.1954145612;3.2903511246;2.9558373091;3.2614593759;9930910802.87656;30403326370.553482;"2023-06-26T00:00:00.000Z"
"2783";3.2615458604;3.4562174347;3.196426538;3.3533060371;9662335242.9498;30694947732.19052;"2023-07-03T00:00:00.000Z"
"2783";3.3535813926;4.2071454606;3.284494665;3.6763758546;15714847844.524855;34854171657.91837;"2023-07-10T00:00:00.000Z"
"2783";3.6765366867;3.8080539841;3.5093156403;3.6183173928;10033081659.237627;33814121911.7227;"2023-07-17T00:00:00.000Z"
"2783";3.6177724264;3.6365830957;3.2539016117;3.2958495387;8284647847.87709;31050892017.009575;"2023-07-24T00:00:00.000Z"
"2783";3.2957498324;3.3402647517;3.2106150504;3.2579968473;8428308070.305259;29355657255.157276;"2023-07-31T00:00:00.000Z"
"2783";3.2580951808;3.4258246051;3.1949821769;3.3273668186;8199818196.826037;30847696651.32764;"2023-08-07T00:00:00.000Z"
"2783";3.3274216421;3.3828053949;2.7195675465;2.882781812;9814034306.496054;26563723736.055523;"2023-08-14T00:00:00.000Z"
"2783";2.8827815469;2.8834560562;2.6194786947;2.7085972765;9171004782.46757;25742682267.64665;"2023-08-21T00:00:00.000Z"
"2783";2.7086242747;2.9955822033;2.6371266989;2.6813474136;8957213101.067137;24616557841.451855;"2023-08-28T00:00:00.000Z"
"2783";2.6813064247;2.8156790536;2.5727687081;2.6092226616;7147456772.315715;24126593790.50686;"2023-09-04T00:00:00.000Z"
"2783";2.6091747404;2.6091747404;2.4404704277;2.519312392;7073629729.869824;24038071362.41541;"2023-09-11T00:00:00.000Z"
"2783";2.5192144818;2.6700617263;2.5192144818;2.5347655212;6530985939.2483225;23302460470.377163;"2023-09-18T00:00:00.000Z"
"2783";2.5348019205;2.8899030585;2.5320437797;2.8678463693;8596936723.282997;26094626317.176342;"2023-09-25T00:00:00.000Z"
"2783";2.8678406627;3.0678273187;2.7605598937;2.8885291187;10374496623.20787;26325726446.98821;"2023-10-02T00:00:00.000Z"
"2783";2.8884458106;2.8884458106;2.535316961;2.6027226584;7587631865.451913;24672156381.82556;"2023-10-09T00:00:00.000Z"
"2783";2.6027638968;3.0727019908;2.5609367313;3.0656258574;9367414783.711525;28636210694.03721;"2023-10-16T00:00:00.000Z"
"2783";3.1120787227;3.3275914872;3.0182704593;3.1900610125;11673869368.996145;29903849354.22367;"2023-10-23T00:00:00.000Z"
"2783";3.1901575068;3.4184094148;3.1080637368;3.3968094911;9559979714.793571;32036487857.16871;"2023-10-30T00:00:00.000Z"
"2783";3.3967245197;4.5405659822;3.3857817902;4.4063006921;19917650991.840668;40674936032.81893;"2023-11-06T00:00:00.000Z"
"2783";4.4070476962;4.8043889968;3.84114761;4.1711353106;29090344782.144203;38786960717.4454;"2023-11-13T00:00:00.000Z"
"2783";4.1713713602;4.2506572946;3.5584884015;3.7401403695;14682439134.255249;34601566035.20871;"2023-11-20T00:00:00.000Z"
"2783";3.7397013748;4.0202540781;3.5777368738;4.0099617034;15093245158.282043;37016948015.49051;"2023-11-27T00:00:00.000Z"
"2783";4.009944927;4.653111817;3.8893090669;4.5422847548;20888736534.40048;42151057782.229355;"2023-12-04T00:00:00.000Z"
"2783";4.5426908454;4.6124775438;4.0380143801;4.0452568711;17492349306.09537;38522167872.271515;"2023-12-11T00:00:00.000Z"
"2783";4.0450205134;4.2905701955;3.6697673306;4.1360135373;19719719646.942905;40168817850.040184;"2023-12-18T00:00:00.000Z"
"2783";4.1357494995;5.2391892377;4.1095715155;4.7098443141;33674309811.580044;45074179313.53271;"2023-12-25T00:00:00.000Z"
"2783";4.7099430291;5.010018413;3.8904907376;3.9053705208;18118635991.692123;37156213084.01606;"2024-01-01T00:00:00.000Z"
"2783";3.9056769883;4.6609628932;3.647615065;4.0672990954;20285076597.39063;39080079108.360115;"2024-01-08T00:00:00.000Z"